feature,group,position,value
birthday,348,0,206
birthday,348,1,207
birthday,348,2,208
birthday,348,3,0
birthday,348,4,1
birthday,348,5,209
birthday,348,6,2
birthday,348,7,3
birthday,348,8,210
birthday,348,9,5
birthday,348,10,211
birthday,348,11,212
education_concentration_id,348,12,13
education_concentration_id,348,13,213
education_concentration_id,348,14,14
education_concentration_id,348,15,214
education_concentration_id,348,16,15
education_concentration_id,348,17,215
education_concentration_id,348,18,216
education_concentration_id,348,19,217
education_concentration_id,348,20,218
education_concentration_id,348,21,219
education_degree_id,348,22,20
education_degree_id,348,23,21
education_degree_id,348,24,220
education_degree_id,348,25,22
education_degree_id,348,26,221
education_degree_id,348,27,222
education_degree_id,348,28,223
education_degree_id,348,29,224
education_school_id,348,30,225
education_school_id,348,31,226
education_school_id,348,32,227
education_school_id,348,33,228
education_school_id,348,34,229
education_school_id,348,35,230
education_school_id,348,36,231
education_school_id,348,37,232
education_school_id,348,38,233
education_school_id,348,39,234
education_school_id,348,40,235
education_school_id,348,41,236
education_school_id,348,42,237
education_school_id,348,43,238
education_school_id,348,44,239
education_school_id,348,45,240
education_school_id,348,46,241
education_school_id,348,47,242
education_school_id,348,48,243
education_school_id,348,49,244
education_school_id,348,50,245
education_school_id,348,51,246
education_school_id,348,52,247
education_school_id,348,53,248
education_school_id,348,54,50
education_school_id,348,55,249
education_school_id,348,56,250
education_school_id,348,57,251
education_school_id,348,58,52
education_type,348,59,53
education_type,348,60,54
education_type,348,61,55
education_with_id,348,62,252
education_year_id,348,63,58
education_year_id,348,64,253
education_year_id,348,65,59
education_year_id,348,66,254
education_year_id,348,67,255
education_year_id,348,68,60
education_year_id,348,69,61
education_year_id,348,70,62
education_year_id,348,71,63
education_year_id,348,72,64
education_year_id,348,73,65
education_year_id,348,74,256
education_year_id,348,75,66
education_year_id,348,76,67
education_year_id,348,77,68
education_year_id,348,78,69
education_year_id,348,79,257
education_year_id,348,80,258
education_year_id,348,81,259
education_year_id,348,82,72
first_name,348,83,260
first_name,348,84,261
first_name,348,85,262
gender,348,86,77
gender,348,87,78
hometown_id,348,88,128
hometown_id,348,89,263
hometown_id,348,90,84
hometown_id,348,91,264
languages_id,348,92,92
languages_id,348,93,94
languages_id,348,94,265
languages_id,348,95,266
last_name,348,96,267
last_name,348,97,268
last_name,348,98,269
last_name,348,99,270
last_name,348,100,271
last_name,348,101,110
last_name,348,102,272
last_name,348,103,273
last_name,348,104,274
last_name,348,105,275
last_name,348,106,276
last_name,348,107,277
locale,348,108,127
locale,348,109,278
location_id,348,110,128
location_id,348,111,129
location_id,348,112,279
location_id,348,113,280
location_id,348,114,281
location_id,348,115,133
location_id,348,116,84
location_id,348,117,176
location_id,348,118,282
location_id,348,119,283
location_id,348,120,284
location_id,348,121,138
work_employer_id,348,122,225
work_employer_id,348,123,285
work_employer_id,348,124,286
work_employer_id,348,125,287
work_employer_id,348,126,288
work_employer_id,348,127,289
work_employer_id,348,128,290
work_employer_id,348,129,291
work_employer_id,348,130,292
work_employer_id,348,131,293
work_employer_id,348,132,52
work_end_date,348,133,157
work_end_date,348,134,294
work_end_date,348,135,166
work_end_date,348,136,170
work_end_date,348,137,171
work_location_id,348,138,295
work_location_id,348,139,128
work_location_id,348,140,296
work_location_id,348,141,84
work_location_id,348,142,297
work_location_id,348,143,298
work_position_id,348,144,183
work_position_id,348,145,299
work_position_id,348,146,300
work_position_id,348,147,301
work_position_id,348,148,302
work_position_id,348,149,303
work_position_id,348,150,304
work_position_id,348,151,192
work_position_id,348,152,193
work_start_date,348,153,157
work_start_date,348,154,305
work_start_date,348,155,306
work_start_date,348,156,307
work_start_date,348,157,308
work_start_date,348,158,309
work_start_date,348,159,310
work_start_date,348,160,202
birthday,0,0,0
birthday,0,1,1
birthday,0,2,2
birthday,0,3,3
birthday,0,4,4
birthday,0,5,5
birthday,0,6,6
birthday,0,7,7
education_classes_id,0,8,8
education_classes_id,0,9,9
education_classes_id,0,10,10
education_classes_id,0,11,11
education_classes_id,0,12,12
education_concentration_id,0,13,13
education_concentration_id,0,14,14
education_concentration_id,0,15,15
education_concentration_id,0,16,16
education_concentration_id,0,17,17
education_concentration_id,0,18,18
education_concentration_id,0,19,19
education_degree_id,0,20,20
education_degree_id,0,21,21
education_degree_id,0,22,22
education_degree_id,0,23,23
education_school_id,0,24,24
education_school_id,0,25,25
education_school_id,0,26,26
education_school_id,0,27,27
education_school_id,0,28,28
education_school_id,0,29,29
education_school_id,0,30,30
education_school_id,0,31,31
education_school_id,0,32,32
education_school_id,0,33,33
education_school_id,0,34,34
education_school_id,0,35,35
education_school_id,0,36,36
education_school_id,0,37,37
education_school_id,0,38,38
education_school_id,0,39,39
education_school_id,0,40,40
education_school_id,0,41,41
education_school_id,0,42,42
education_school_id,0,43,43
education_school_id,0,44,44
education_school_id,0,45,45
education_school_id,0,46,46
education_school_id,0,47,47
education_school_id,0,48,48
education_school_id,0,49,49
education_school_id,0,50,50
education_school_id,0,51,51
education_school_id,0,52,52
education_type,0,53,53
education_type,0,54,54
education_type,0,55,55
education_with_id,0,56,56
education_year_id,0,57,57
education_year_id,0,58,58
education_year_id,0,59,59
education_year_id,0,60,60
education_year_id,0,61,61
education_year_id,0,62,62
education_year_id,0,63,63
education_year_id,0,64,64
education_year_id,0,65,65
education_year_id,0,66,66
education_year_id,0,67,67
education_year_id,0,68,68
education_year_id,0,69,69
education_year_id,0,70,70
education_year_id,0,71,71
education_year_id,0,72,72
first_name,0,73,73
first_name,0,74,74
first_name,0,75,75
first_name,0,76,76
gender,0,77,77
gender,0,78,78
hometown_id,0,79,79
hometown_id,0,80,80
hometown_id,0,81,81
hometown_id,0,82,82
hometown_id,0,83,83
hometown_id,0,84,84
hometown_id,0,85,85
hometown_id,0,86,86
hometown_id,0,87,87
hometown_id,0,88,88
hometown_id,0,89,89
languages_id,0,90,90
languages_id,0,91,91
languages_id,0,92,92
languages_id,0,93,93
languages_id,0,94,94
languages_id,0,95,95
languages_id,0,96,96
languages_id,0,97,97
languages_id,0,98,98
languages_id,0,99,99
languages_id,0,100,100
languages_id,0,101,101
languages_id,0,102,102
languages_id,0,103,103
last_name,0,104,104
last_name,0,105,105
last_name,0,106,106
last_name,0,107,107
last_name,0,108,108
last_name,0,109,109
last_name,0,110,110
last_name,0,111,111
last_name,0,112,112
last_name,0,113,113
last_name,0,114,114
last_name,0,115,115
last_name,0,116,116
last_name,0,117,117
last_name,0,118,118
last_name,0,119,119
last_name,0,120,120
last_name,0,121,121
last_name,0,122,122
last_name,0,123,123
last_name,0,124,124
locale,0,125,125
locale,0,126,126
locale,0,127,127
location_id,0,128,128
location_id,0,129,129
location_id,0,130,130
location_id,0,131,131
location_id,0,132,132
location_id,0,133,133
location_id,0,134,134
location_id,0,135,135
location_id,0,136,136
location_id,0,137,88
location_id,0,138,137
location_id,0,139,138
work_employer_id,0,140,139
work_employer_id,0,141,140
work_employer_id,0,142,141
work_employer_id,0,143,142
work_employer_id,0,144,143
work_employer_id,0,145,144
work_employer_id,0,146,145
work_employer_id,0,147,146
work_employer_id,0,148,147
work_employer_id,0,149,50
work_employer_id,0,150,148
work_employer_id,0,151,149
work_employer_id,0,152,150
work_employer_id,0,153,151
work_employer_id,0,154,152
work_employer_id,0,155,153
work_employer_id,0,156,52
work_employer_id,0,157,154
work_employer_id,0,158,155
work_employer_id,0,159,156
work_end_date,0,160,157
work_end_date,0,161,158
work_end_date,0,162,159
work_end_date,0,163,160
work_end_date,0,164,161
work_end_date,0,165,162
work_end_date,0,166,163
work_end_date,0,167,164
work_end_date,0,168,165
work_end_date,0,169,166
work_end_date,0,170,167
work_end_date,0,171,168
work_end_date,0,172,169
work_end_date,0,173,170
work_end_date,0,174,171
work_end_date,0,175,172
work_location_id,0,176,129
work_location_id,0,177,173
work_location_id,0,178,174
work_location_id,0,179,132
work_location_id,0,180,175
work_location_id,0,181,176
work_location_id,0,182,177
work_location_id,0,183,178
work_location_id,0,184,179
work_location_id,0,185,137
work_location_id,0,186,180
work_location_id,0,187,138
work_position_id,0,188,181
work_position_id,0,189,182
work_position_id,0,190,183
work_position_id,0,191,184
work_position_id,0,192,185
work_position_id,0,193,186
work_position_id,0,194,187
work_position_id,0,195,188
work_position_id,0,196,189
work_position_id,0,197,190
work_position_id,0,198,191
work_position_id,0,199,192
work_position_id,0,200,193
work_start_date,0,201,157
work_start_date,0,202,194
work_start_date,0,203,195
work_start_date,0,204,158
work_start_date,0,205,196
work_start_date,0,206,160
work_start_date,0,207,197
work_start_date,0,208,162
work_start_date,0,209,198
work_start_date,0,210,164
work_start_date,0,211,199
work_start_date,0,212,165
work_start_date,0,213,166
work_start_date,0,214,200
work_start_date,0,215,201
work_start_date,0,216,168
work_start_date,0,217,202
work_start_date,0,218,169
work_start_date,0,219,170
work_start_date,0,220,171
work_start_date,0,221,203
work_start_date,0,222,204
work_with_id,0,223,205
birthday,698,0,2
birthday,698,1,3
education_classes_id,698,2,335
education_classes_id,698,3,336
education_concentration_id,698,4,14
education_degree_id,698,5,22
education_school_id,698,6,340
education_school_id,698,7,341
education_school_id,698,8,369
education_school_id,698,9,342
education_school_id,698,10,370
education_school_id,698,11,348
education_type,698,12,53
education_type,698,13,54
education_type,698,14,55
education_with_id,698,15,350
education_year_id,698,16,59
education_year_id,698,17,255
education_year_id,698,18,60
education_year_id,698,19,61
education_year_id,698,20,64
education_year_id,698,21,71
education_year_id,698,22,259
education_year_id,698,23,72
first_name,698,24,355
first_name,698,25,356
gender,698,26,77
gender,698,27,78
hometown_id,698,28,359
hometown_id,698,29,366
languages_id,698,30,92
last_name,698,31,371
last_name,698,32,365
locale,698,33,126
locale,698,34,127
location_id,698,35,359
location_id,698,36,366
name,698,37,372
work_employer_id,698,38,373
work_employer_id,698,39,140
work_employer_id,698,40,154
work_end_date,698,41,157
work_end_date,698,42,161
work_location_id,698,43,374
work_location_id,698,44,366
work_start_date,698,45,157
work_start_date,698,46,375
work_start_date,698,47,196
birthday,686,0,209
birthday,686,1,2
birthday,686,2,3
birthday,686,3,210
education_classes_id,686,4,335
education_classes_id,686,5,336
education_concentration_id,686,6,14
education_concentration_id,686,7,337
education_concentration_id,686,8,338
education_concentration_id,686,9,217
education_concentration_id,686,10,339
education_school_id,686,11,340
education_school_id,686,12,341
education_school_id,686,13,342
education_school_id,686,14,343
education_school_id,686,15,344
education_school_id,686,16,345
education_school_id,686,17,346
education_school_id,686,18,347
education_school_id,686,19,348
education_school_id,686,20,349
education_type,686,21,53
education_type,686,22,54
education_type,686,23,55
education_with_id,686,24,350
education_with_id,686,25,351
education_year_id,686,26,255
education_year_id,686,27,61
education_year_id,686,28,64
education_year_id,686,29,65
education_year_id,686,30,67
education_year_id,686,31,71
education_year_id,686,32,259
education_year_id,686,33,72
first_name,686,34,352
first_name,686,35,353
first_name,686,36,354
first_name,686,37,355
first_name,686,38,356
first_name,686,39,357
first_name,686,40,358
gender,686,41,77
gender,686,42,78
hometown_id,686,43,359
languages_id,686,44,92
languages_id,686,45,97
last_name,686,46,360
last_name,686,47,361
last_name,686,48,362
last_name,686,49,363
last_name,686,50,273
last_name,686,51,364
last_name,686,52,365
locale,686,53,126
locale,686,54,127
location_id,686,55,359
location_id,686,56,366
location_id,686,57,367
work_employer_id,686,58,343
work_employer_id,686,59,368
work_end_date,686,60,157
work_location_id,686,61,359
work_start_date,686,62,157
birthday,3980,0,6
education_concentration_id,3980,1,14
education_degree_id,3980,2,22
education_school_id,3980,3,50
education_school_id,3980,4,52
education_type,3980,5,53
education_type,3980,6,54
education_type,3980,7,55
education_year_id,3980,8,542
education_year_id,3980,9,57
education_year_id,3980,10,253
education_year_id,3980,11,1270
education_year_id,3980,12,1271
education_year_id,3980,13,254
education_year_id,3980,14,62
education_year_id,3980,15,1272
education_year_id,3980,16,1273
education_year_id,3980,17,1274
education_year_id,3980,18,257
gender,3980,19,77
gender,3980,20,78
hometown_id,3980,21,1275
languages_id,3980,22,90
languages_id,3980,23,92
last_name,3980,24,1276
last_name,3980,25,1277
locale,3980,26,125
locale,3980,27,127
location_id,3980,28,128
location_id,3980,29,138
political,3980,30,1278
work_employer_id,3980,31,140
work_employer_id,3980,32,1279
work_employer_id,3980,33,1280
work_employer_id,3980,34,52
work_employer_id,3980,35,154
work_employer_id,3980,36,156
work_end_date,3980,37,157
work_start_date,3980,38,157
work_start_date,3980,39,1281
work_start_date,3980,40,718
work_start_date,3980,41,1282
birthday,1684,0,1003
birthday,1684,1,1004
birthday,1684,2,210
birthday,1684,3,4
birthday,1684,4,5
birthday,1684,5,6
birthday,1684,6,7
birthday,1684,7,377
birthday,1684,8,378
birthday,1684,9,1005
birthday,1684,10,1006
education_classes_id,1684,11,756
education_concentration_id,1684,12,1007
education_concentration_id,1684,13,13
education_concentration_id,1684,14,385
education_concentration_id,1684,15,14
education_concentration_id,1684,16,762
education_concentration_id,1684,17,1008
education_concentration_id,1684,18,1009
education_concentration_id,1684,19,388
education_concentration_id,1684,20,392
education_concentration_id,1684,21,215
education_concentration_id,1684,22,394
education_concentration_id,1684,23,395
education_concentration_id,1684,24,1010
education_concentration_id,1684,25,398
education_concentration_id,1684,26,399
education_concentration_id,1684,27,400
education_concentration_id,1684,28,1011
education_concentration_id,1684,29,16
education_concentration_id,1684,30,217
education_concentration_id,1684,31,18
education_concentration_id,1684,32,402
education_concentration_id,1684,33,1012
education_concentration_id,1684,34,1013
education_concentration_id,1684,35,412
education_concentration_id,1684,36,1014
education_concentration_id,1684,37,425
education_concentration_id,1684,38,428
education_concentration_id,1684,39,429
education_degree_id,1684,40,22
education_school_id,1684,41,225
education_school_id,1684,42,1015
education_school_id,1684,43,1016
education_school_id,1684,44,1017
education_school_id,1684,45,1018
education_school_id,1684,46,1019
education_school_id,1684,47,1020
education_school_id,1684,48,447
education_school_id,1684,49,1021
education_school_id,1684,50,1022
education_school_id,1684,51,1023
education_school_id,1684,52,1024
education_school_id,1684,53,1025
education_school_id,1684,54,1026
education_school_id,1684,55,1027
education_school_id,1684,56,1028
education_school_id,1684,57,1029
education_school_id,1684,58,1030
education_school_id,1684,59,1031
education_school_id,1684,60,1032
education_school_id,1684,61,1033
education_school_id,1684,62,1034
education_school_id,1684,63,461
education_school_id,1684,64,1035
education_school_id,1684,65,1036
education_school_id,1684,66,1037
education_school_id,1684,67,1038
education_school_id,1684,68,475
education_school_id,1684,69,1039
education_school_id,1684,70,1040
education_school_id,1684,71,1041
education_school_id,1684,72,481
education_school_id,1684,73,1042
education_school_id,1684,74,1043
education_school_id,1684,75,1044
education_school_id,1684,76,236
education_school_id,1684,77,1045
education_school_id,1684,78,1046
education_school_id,1684,79,1047
education_school_id,1684,80,1048
education_school_id,1684,81,1049
education_school_id,1684,82,1050
education_school_id,1684,83,1051
education_school_id,1684,84,1052
education_school_id,1684,85,1053
education_school_id,1684,86,1054
education_school_id,1684,87,1055
education_school_id,1684,88,1056
education_school_id,1684,89,504
education_school_id,1684,90,1057
education_school_id,1684,91,1058
education_school_id,1684,92,1059
education_school_id,1684,93,1060
education_school_id,1684,94,1061
education_school_id,1684,95,1062
education_school_id,1684,96,523
education_school_id,1684,97,533
education_school_id,1684,98,322
education_school_id,1684,99,52
education_school_id,1684,100,538
education_type,1684,101,53
education_type,1684,102,54
education_type,1684,103,55
education_year_id,1684,104,543
education_year_id,1684,105,58
education_year_id,1684,106,59
education_year_id,1684,107,544
education_year_id,1684,108,60
education_year_id,1684,109,61
education_year_id,1684,110,62
education_year_id,1684,111,63
education_year_id,1684,112,64
education_year_id,1684,113,65
education_year_id,1684,114,66
education_year_id,1684,115,68
education_year_id,1684,116,69
education_year_id,1684,117,70
education_year_id,1684,118,72
first_name,1684,119,1063
first_name,1684,120,545
first_name,1684,121,1064
first_name,1684,122,1065
first_name,1684,123,1066
first_name,1684,124,621
first_name,1684,125,353
first_name,1684,126,1067
first_name,1684,127,1068
first_name,1684,128,892
first_name,1684,129,1069
first_name,1684,130,1070
first_name,1684,131,1071
first_name,1684,132,1072
first_name,1684,133,1073
first_name,1684,134,1074
first_name,1684,135,1075
first_name,1684,136,1076
first_name,1684,137,1077
first_name,1684,138,1078
first_name,1684,139,1079
first_name,1684,140,1080
first_name,1684,141,1081
first_name,1684,142,1082
first_name,1684,143,900
first_name,1684,144,1083
first_name,1684,145,1084
first_name,1684,146,1085
gender,1684,147,77
gender,1684,148,78
hometown_id,1684,149,129
hometown_id,1684,150,1086
hometown_id,1684,151,1087
hometown_id,1684,152,280
hometown_id,1684,153,1088
hometown_id,1684,154,935
hometown_id,1684,155,1089
hometown_id,1684,156,176
hometown_id,1684,157,1090
hometown_id,1684,158,1091
hometown_id,1684,159,1092
hometown_id,1684,160,1093
hometown_id,1684,161,1094
hometown_id,1684,162,283
hometown_id,1684,163,1095
hometown_id,1684,164,1096
hometown_id,1684,165,1097
hometown_id,1684,166,1098
hometown_id,1684,167,617
hometown_id,1684,168,284
hometown_id,1684,169,1099
hometown_id,1684,170,1100
languages_id,1684,171,90
languages_id,1684,172,571
languages_id,1684,173,92
languages_id,1684,174,1101
languages_id,1684,175,913
languages_id,1684,176,1102
languages_id,1684,177,94
languages_id,1684,178,572
languages_id,1684,179,95
languages_id,1684,180,97
languages_id,1684,181,265
languages_id,1684,182,98
languages_id,1684,183,100
languages_id,1684,184,101
languages_id,1684,185,102
last_name,1684,186,1103
last_name,1684,187,1104
last_name,1684,188,1105
last_name,1684,189,1106
last_name,1684,190,1107
last_name,1684,191,268
last_name,1684,192,1108
last_name,1684,193,1109
last_name,1684,194,1110
last_name,1684,195,1111
last_name,1684,196,1112
last_name,1684,197,581
last_name,1684,198,1113
last_name,1684,199,1114
last_name,1684,200,1115
last_name,1684,201,1116
last_name,1684,202,1117
last_name,1684,203,110
last_name,1684,204,1118
last_name,1684,205,1119
last_name,1684,206,1120
last_name,1684,207,112
last_name,1684,208,1121
last_name,1684,209,1122
last_name,1684,210,1123
last_name,1684,211,1124
last_name,1684,212,1125
last_name,1684,213,1126
last_name,1684,214,1127
last_name,1684,215,1128
last_name,1684,216,1129
last_name,1684,217,1130
last_name,1684,218,1131
last_name,1684,219,1132
last_name,1684,220,1133
last_name,1684,221,1134
last_name,1684,222,1135
last_name,1684,223,1136
last_name,1684,224,1137
last_name,1684,225,1138
last_name,1684,226,1139
locale,1684,227,126
locale,1684,228,127
locale,1684,229,1140
locale,1684,230,1141
location_id,1684,231,1142
location_id,1684,232,128
location_id,1684,233,1143
location_id,1684,234,612
location_id,1684,235,1144
location_id,1684,236,1145
location_id,1684,237,935
location_id,1684,238,1146
location_id,1684,239,1147
location_id,1684,240,281
location_id,1684,241,176
location_id,1684,242,134
location_id,1684,243,1148
location_id,1684,244,685
location_id,1684,245,940
location_id,1684,246,1149
location_id,1684,247,1150
location_id,1684,248,179
location_id,1684,249,1151
location_id,1684,250,1095
location_id,1684,251,617
location_id,1684,252,1152
location_id,1684,253,284
location_id,1684,254,1153
location_id,1684,255,138
religion,1684,256,1154
work_employer_id,1684,257,1155
work_employer_id,1684,258,140
work_employer_id,1684,259,1156
work_employer_id,1684,260,1157
work_employer_id,1684,261,1158
work_employer_id,1684,262,1159
work_employer_id,1684,263,246
work_employer_id,1684,264,1160
work_employer_id,1684,265,1161
work_employer_id,1684,266,1162
work_employer_id,1684,267,1163
work_employer_id,1684,268,322
work_employer_id,1684,269,670
work_employer_id,1684,270,1164
work_employer_id,1684,271,538
work_end_date,1684,272,157
work_end_date,1684,273,676
work_end_date,1684,274,294
work_end_date,1684,275,158
work_end_date,1684,276,976
work_end_date,1684,277,197
work_end_date,1684,278,162
work_end_date,1684,279,198
work_end_date,1684,280,164
work_end_date,1684,281,166
work_end_date,1684,282,201
work_end_date,1684,283,168
work_end_date,1684,284,170
work_location_id,1684,285,1144
work_location_id,1684,286,935
work_location_id,1684,287,133
work_location_id,1684,288,84
work_location_id,1684,289,176
work_location_id,1684,290,1165
work_location_id,1684,291,617
work_position_id,1684,292,185
work_position_id,1684,293,1166
work_position_id,1684,294,1167
work_position_id,1684,295,1168
work_position_id,1684,296,1169
work_position_id,1684,297,193
work_start_date,1684,298,157
work_start_date,1684,299,718
work_start_date,1684,300,1170
work_start_date,1684,301,675
work_start_date,1684,302,307
work_start_date,1684,303,294
work_start_date,1684,304,195
work_start_date,1684,305,310
work_start_date,1684,306,158
work_start_date,1684,307,1171
work_start_date,1684,308,196
work_start_date,1684,309,160
work_start_date,1684,310,197
work_start_date,1684,311,164
work_start_date,1684,312,199
work_start_date,1684,313,166
work_start_date,1684,314,201
work_start_date,1684,315,168
work_start_date,1684,316,202
work_start_date,1684,317,169
work_start_date,1684,318,170
birthday,414,0,208
birthday,414,1,0
birthday,414,2,1
birthday,414,3,209
birthday,414,4,2
birthday,414,5,3
birthday,414,6,211
education_concentration_id,414,7,14
education_concentration_id,414,8,15
education_concentration_id,414,9,311
education_concentration_id,414,10,215
education_concentration_id,414,11,216
education_concentration_id,414,12,217
education_concentration_id,414,13,312
education_degree_id,414,14,220
education_degree_id,414,15,313
education_degree_id,414,16,22
education_degree_id,414,17,221
education_degree_id,414,18,23
education_degree_id,414,19,222
education_degree_id,414,20,223
education_school_id,414,21,314
education_school_id,414,22,226
education_school_id,414,23,228
education_school_id,414,24,229
education_school_id,414,25,230
education_school_id,414,26,315
education_school_id,414,27,232
education_school_id,414,28,233
education_school_id,414,29,236
education_school_id,414,30,316
education_school_id,414,31,237
education_school_id,414,32,238
education_school_id,414,33,44
education_school_id,414,34,317
education_school_id,414,35,244
education_school_id,414,36,247
education_school_id,414,37,248
education_school_id,414,38,318
education_school_id,414,39,319
education_school_id,414,40,320
education_school_id,414,41,321
education_school_id,414,42,322
education_school_id,414,43,52
education_type,414,44,53
education_type,414,45,54
education_type,414,46,55
education_year_id,414,47,58
education_year_id,414,48,59
education_year_id,414,49,254
education_year_id,414,50,255
education_year_id,414,51,60
education_year_id,414,52,61
education_year_id,414,53,62
education_year_id,414,54,64
education_year_id,414,55,65
education_year_id,414,56,66
education_year_id,414,57,67
education_year_id,414,58,257
education_year_id,414,59,258
education_year_id,414,60,71
education_year_id,414,61,259
first_name,414,62,323
gender,414,63,77
gender,414,64,78
hometown_id,414,65,128
hometown_id,414,66,263
hometown_id,414,67,84
hometown_id,414,68,298
languages_id,414,69,92
languages_id,414,70,94
languages_id,414,71,265
languages_id,414,72,101
last_name,414,73,324
last_name,414,74,325
last_name,414,75,110
last_name,414,76,326
last_name,414,77,273
last_name,414,78,275
last_name,414,79,327
last_name,414,80,328
locale,414,81,126
locale,414,82,127
locale,414,83,278
location_id,414,84,128
location_id,414,85,129
location_id,414,86,281
location_id,414,87,84
name,414,88,329
work_employer_id,414,89,330
work_employer_id,414,90,331
work_employer_id,414,91,52
work_end_date,414,92,157
work_end_date,414,93,332
work_location_id,414,94,296
work_location_id,414,95,84
work_location_id,414,96,297
work_position_id,414,97,183
work_position_id,414,98,301
work_position_id,414,99,333
work_start_date,414,100,157
work_start_date,414,101,334
work_start_date,414,102,310
work_start_date,414,103,200
work_start_date,414,104,202
birthday,107,0,376
birthday,107,1,0
birthday,107,2,1
birthday,107,3,209
birthday,107,4,2
birthday,107,5,3
birthday,107,6,210
birthday,107,7,4
birthday,107,8,5
birthday,107,9,6
birthday,107,10,7
birthday,107,11,377
birthday,107,12,378
birthday,107,13,379
birthday,107,14,380
birthday,107,15,381
birthday,107,16,382
education_concentration_id,107,17,383
education_concentration_id,107,18,13
education_concentration_id,107,19,384
education_concentration_id,107,20,213
education_concentration_id,107,21,385
education_concentration_id,107,22,386
education_concentration_id,107,23,14
education_concentration_id,107,24,387
education_concentration_id,107,25,388
education_concentration_id,107,26,15
education_concentration_id,107,27,389
education_concentration_id,107,28,390
education_concentration_id,107,29,391
education_concentration_id,107,30,338
education_concentration_id,107,31,392
education_concentration_id,107,32,393
education_concentration_id,107,33,215
education_concentration_id,107,34,394
education_concentration_id,107,35,395
education_concentration_id,107,36,396
education_concentration_id,107,37,397
education_concentration_id,107,38,216
education_concentration_id,107,39,398
education_concentration_id,107,40,399
education_concentration_id,107,41,400
education_concentration_id,107,42,401
education_concentration_id,107,43,217
education_concentration_id,107,44,18
education_concentration_id,107,45,402
education_concentration_id,107,46,403
education_concentration_id,107,47,404
education_concentration_id,107,48,405
education_concentration_id,107,49,406
education_concentration_id,107,50,407
education_concentration_id,107,51,408
education_concentration_id,107,52,409
education_concentration_id,107,53,410
education_concentration_id,107,54,411
education_concentration_id,107,55,412
education_concentration_id,107,56,413
education_concentration_id,107,57,414
education_concentration_id,107,58,415
education_concentration_id,107,59,416
education_concentration_id,107,60,218
education_concentration_id,107,61,417
education_concentration_id,107,62,418
education_concentration_id,107,63,419
education_concentration_id,107,64,420
education_concentration_id,107,65,421
education_concentration_id,107,66,422
education_concentration_id,107,67,423
education_concentration_id,107,68,424
education_concentration_id,107,69,425
education_concentration_id,107,70,426
education_concentration_id,107,71,427
education_concentration_id,107,72,428
education_concentration_id,107,73,429
education_concentration_id,107,74,430
education_degree_id,107,75,21
education_degree_id,107,76,431
education_degree_id,107,77,313
education_degree_id,107,78,432
education_degree_id,107,79,433
education_degree_id,107,80,22
education_degree_id,107,81,434
education_degree_id,107,82,23
education_degree_id,107,83,435
education_degree_id,107,84,222
education_degree_id,107,85,436
education_degree_id,107,86,223
education_degree_id,107,87,437
education_degree_id,107,88,438
education_school_id,107,89,439
education_school_id,107,90,440
education_school_id,107,91,225
education_school_id,107,92,441
education_school_id,107,93,442
education_school_id,107,94,314
education_school_id,107,95,443
education_school_id,107,96,444
education_school_id,107,97,226
education_school_id,107,98,227
education_school_id,107,99,445
education_school_id,107,100,446
education_school_id,107,101,447
education_school_id,107,102,228
education_school_id,107,103,448
education_school_id,107,104,229
education_school_id,107,105,449
education_school_id,107,106,450
education_school_id,107,107,451
education_school_id,107,108,452
education_school_id,107,109,453
education_school_id,107,110,230
education_school_id,107,111,315
education_school_id,107,112,454
education_school_id,107,113,455
education_school_id,107,114,456
education_school_id,107,115,457
education_school_id,107,116,232
education_school_id,107,117,458
education_school_id,107,118,459
education_school_id,107,119,460
education_school_id,107,120,461
education_school_id,107,121,462
education_school_id,107,122,463
education_school_id,107,123,464
education_school_id,107,124,465
education_school_id,107,125,466
education_school_id,107,126,467
education_school_id,107,127,468
education_school_id,107,128,469
education_school_id,107,129,470
education_school_id,107,130,471
education_school_id,107,131,472
education_school_id,107,132,473
education_school_id,107,133,474
education_school_id,107,134,233
education_school_id,107,135,475
education_school_id,107,136,476
education_school_id,107,137,234
education_school_id,107,138,235
education_school_id,107,139,477
education_school_id,107,140,478
education_school_id,107,141,479
education_school_id,107,142,480
education_school_id,107,143,481
education_school_id,107,144,482
education_school_id,107,145,483
education_school_id,107,146,236
education_school_id,107,147,484
education_school_id,107,148,485
education_school_id,107,149,486
education_school_id,107,150,487
education_school_id,107,151,488
education_school_id,107,152,489
education_school_id,107,153,490
education_school_id,107,154,316
education_school_id,107,155,237
education_school_id,107,156,491
education_school_id,107,157,492
education_school_id,107,158,493
education_school_id,107,159,494
education_school_id,107,160,495
education_school_id,107,161,496
education_school_id,107,162,238
education_school_id,107,163,44
education_school_id,107,164,497
education_school_id,107,165,498
education_school_id,107,166,499
education_school_id,107,167,500
education_school_id,107,168,501
education_school_id,107,169,502
education_school_id,107,170,240
education_school_id,107,171,503
education_school_id,107,172,504
education_school_id,107,173,505
education_school_id,107,174,506
education_school_id,107,175,507
education_school_id,107,176,508
education_school_id,107,177,509
education_school_id,107,178,317
education_school_id,107,179,510
education_school_id,107,180,511
education_school_id,107,181,512
education_school_id,107,182,243
education_school_id,107,183,513
education_school_id,107,184,514
education_school_id,107,185,245
education_school_id,107,186,515
education_school_id,107,187,516
education_school_id,107,188,517
education_school_id,107,189,246
education_school_id,107,190,518
education_school_id,107,191,247
education_school_id,107,192,519
education_school_id,107,193,520
education_school_id,107,194,521
education_school_id,107,195,248
education_school_id,107,196,522
education_school_id,107,197,523
education_school_id,107,198,524
education_school_id,107,199,318
education_school_id,107,200,249
education_school_id,107,201,525
education_school_id,107,202,319
education_school_id,107,203,526
education_school_id,107,204,320
education_school_id,107,205,527
education_school_id,107,206,528
education_school_id,107,207,529
education_school_id,107,208,530
education_school_id,107,209,531
education_school_id,107,210,532
education_school_id,107,211,250
education_school_id,107,212,533
education_school_id,107,213,251
education_school_id,107,214,534
education_school_id,107,215,535
education_school_id,107,216,536
education_school_id,107,217,52
education_school_id,107,218,537
education_school_id,107,219,538
education_type,107,220,53
education_type,107,221,54
education_type,107,222,55
education_with_id,107,223,539
education_with_id,107,224,540
education_with_id,107,225,541
education_year_id,107,226,542
education_year_id,107,227,543
education_year_id,107,228,58
education_year_id,107,229,59
education_year_id,107,230,544
education_year_id,107,231,254
education_year_id,107,232,255
education_year_id,107,233,60
education_year_id,107,234,61
education_year_id,107,235,62
education_year_id,107,236,63
education_year_id,107,237,64
education_year_id,107,238,65
education_year_id,107,239,66
education_year_id,107,240,67
education_year_id,107,241,68
education_year_id,107,242,69
education_year_id,107,243,257
education_year_id,107,244,70
education_year_id,107,245,71
education_year_id,107,246,259
education_year_id,107,247,72
first_name,107,248,545
first_name,107,249,546
first_name,107,250,547
first_name,107,251,548
first_name,107,252,549
first_name,107,253,550
first_name,107,254,325
first_name,107,255,551
first_name,107,256,110
first_name,107,257,357
first_name,107,258,552
first_name,107,259,553
first_name,107,260,554
first_name,107,261,555
first_name,107,262,556
first_name,107,263,557
gender,107,264,77
gender,107,265,78
hometown_id,107,266,558
hometown_id,107,267,559
hometown_id,107,268,263
hometown_id,107,269,560
hometown_id,107,270,561
hometown_id,107,271,562
hometown_id,107,272,82
hometown_id,107,273,84
hometown_id,107,274,563
hometown_id,107,275,564
hometown_id,107,276,565
hometown_id,107,277,566
hometown_id,107,278,178
hometown_id,107,279,567
hometown_id,107,280,568
hometown_id,107,281,298
hometown_id,107,282,569
hometown_id,107,283,264
languages_id,107,284,90
languages_id,107,285,570
languages_id,107,286,571
languages_id,107,287,91
languages_id,107,288,92
languages_id,107,289,93
languages_id,107,290,94
languages_id,107,291,572
languages_id,107,292,573
languages_id,107,293,97
languages_id,107,294,265
languages_id,107,295,100
languages_id,107,296,101
languages_id,107,297,574
languages_id,107,298,266
last_name,107,299,575
last_name,107,300,576
last_name,107,301,577
last_name,107,302,106
last_name,107,303,578
last_name,107,304,579
last_name,107,305,267
last_name,107,306,268
last_name,107,307,269
last_name,107,308,580
last_name,107,309,581
last_name,107,310,324
last_name,107,311,582
last_name,107,312,583
last_name,107,313,584
last_name,107,314,585
last_name,107,315,586
last_name,107,316,587
last_name,107,317,588
last_name,107,318,270
last_name,107,319,589
last_name,107,320,590
last_name,107,321,271
last_name,107,322,110
last_name,107,323,591
last_name,107,324,272
last_name,107,325,592
last_name,107,326,273
last_name,107,327,593
last_name,107,328,594
last_name,107,329,595
last_name,107,330,596
last_name,107,331,274
last_name,107,332,597
last_name,107,333,275
last_name,107,334,276
last_name,107,335,598
last_name,107,336,599
last_name,107,337,600
last_name,107,338,601
last_name,107,339,602
last_name,107,340,327
last_name,107,341,603
last_name,107,342,277
last_name,107,343,604
last_name,107,344,605
last_name,107,345,606
last_name,107,346,607
locale,107,347,126
locale,107,348,127
locale,107,349,278
location_id,107,350,128
location_id,107,351,129
location_id,107,352,608
location_id,107,353,609
location_id,107,354,610
location_id,107,355,611
location_id,107,356,612
location_id,107,357,613
location_id,107,358,614
location_id,107,359,281
location_id,107,360,133
location_id,107,361,84
location_id,107,362,176
location_id,107,363,134
location_id,107,364,615
location_id,107,365,283
location_id,107,366,616
location_id,107,367,617
location_id,107,368,618
location_id,107,369,284
location_id,107,370,298
location_id,107,371,619
location_id,107,372,138
location_id,107,373,264
location_id,107,374,620
middle_name,107,375,621
middle_name,107,376,622
middle_name,107,377,355
middle_name,107,378,623
middle_name,107,379,624
middle_name,107,380,554
middle_name,107,381,625
middle_name,107,382,626
middle_name,107,383,627
work_employer_id,107,384,628
work_employer_id,107,385,629
work_employer_id,107,386,630
work_employer_id,107,387,228
work_employer_id,107,388,140
work_employer_id,107,389,451
work_employer_id,107,390,230
work_employer_id,107,391,631
work_employer_id,107,392,632
work_employer_id,107,393,633
work_employer_id,107,394,634
work_employer_id,107,395,635
work_employer_id,107,396,636
work_employer_id,107,397,637
work_employer_id,107,398,638
work_employer_id,107,399,485
work_employer_id,107,400,639
work_employer_id,107,401,640
work_employer_id,107,402,641
work_employer_id,107,403,642
work_employer_id,107,404,643
work_employer_id,107,405,644
work_employer_id,107,406,645
work_employer_id,107,407,145
work_employer_id,107,408,646
work_employer_id,107,409,647
work_employer_id,107,410,648
work_employer_id,107,411,649
work_employer_id,107,412,650
work_employer_id,107,413,518
work_employer_id,107,414,247
work_employer_id,107,415,651
work_employer_id,107,416,248
work_employer_id,107,417,652
work_employer_id,107,418,653
work_employer_id,107,419,654
work_employer_id,107,420,655
work_employer_id,107,421,656
work_employer_id,107,422,657
work_employer_id,107,423,658
work_employer_id,107,424,659
work_employer_id,107,425,660
work_employer_id,107,426,661
work_employer_id,107,427,662
work_employer_id,107,428,150
work_employer_id,107,429,151
work_employer_id,107,430,663
work_employer_id,107,431,664
work_employer_id,107,432,665
work_employer_id,107,433,666
work_employer_id,107,434,667
work_employer_id,107,435,668
work_employer_id,107,436,669
work_employer_id,107,437,536
work_employer_id,107,438,670
work_employer_id,107,439,52
work_employer_id,107,440,671
work_employer_id,107,441,538
work_end_date,107,442,157
work_end_date,107,443,672
work_end_date,107,444,673
work_end_date,107,445,674
work_end_date,107,446,675
work_end_date,107,447,676
work_end_date,107,448,294
work_end_date,107,449,677
work_end_date,107,450,678
work_end_date,107,451,158
work_end_date,107,452,196
work_end_date,107,453,679
work_end_date,107,454,160
work_end_date,107,455,161
work_end_date,107,456,162
work_end_date,107,457,164
work_end_date,107,458,199
work_end_date,107,459,166
work_end_date,107,460,200
work_end_date,107,461,167
work_end_date,107,462,201
work_end_date,107,463,680
work_end_date,107,464,168
work_end_date,107,465,169
work_end_date,107,466,170
work_end_date,107,467,171
work_end_date,107,468,681
work_end_date,107,469,172
work_from_id,107,470,682
work_from_id,107,471,683
work_location_id,107,472,684
work_location_id,107,473,128
work_location_id,107,474,129
work_location_id,107,475,609
work_location_id,107,476,296
work_location_id,107,477,561
work_location_id,107,478,281
work_location_id,107,479,133
work_location_id,107,480,84
work_location_id,107,481,176
work_location_id,107,482,134
work_location_id,107,483,177
work_location_id,107,484,685
work_location_id,107,485,178
work_location_id,107,486,179
work_location_id,107,487,615
work_location_id,107,488,283
work_location_id,107,489,686
work_location_id,107,490,617
work_location_id,107,491,618
work_location_id,107,492,619
work_location_id,107,493,264
work_position_id,107,494,687
work_position_id,107,495,688
work_position_id,107,496,182
work_position_id,107,497,689
work_position_id,107,498,183
work_position_id,107,499,690
work_position_id,107,500,691
work_position_id,107,501,692
work_position_id,107,502,184
work_position_id,107,503,693
work_position_id,107,504,185
work_position_id,107,505,694
work_position_id,107,506,189
work_position_id,107,507,695
work_position_id,107,508,302
work_position_id,107,509,696
work_position_id,107,510,697
work_position_id,107,511,698
work_position_id,107,512,699
work_position_id,107,513,700
work_position_id,107,514,192
work_position_id,107,515,193
work_position_id,107,516,701
work_projects_id,107,517,702
work_projects_id,107,518,703
work_projects_id,107,519,704
work_projects_id,107,520,705
work_projects_id,107,521,706
work_projects_id,107,522,707
work_projects_id,107,523,708
work_projects_id,107,524,709
work_projects_id,107,525,710
work_projects_id,107,526,711
work_projects_id,107,527,712
work_start_date,107,528,157
work_start_date,107,529,713
work_start_date,107,530,714
work_start_date,107,531,334
work_start_date,107,532,715
work_start_date,107,533,672
work_start_date,107,534,716
work_start_date,107,535,674
work_start_date,107,536,717
work_start_date,107,537,194
work_start_date,107,538,718
work_start_date,107,539,375
work_start_date,107,540,719
work_start_date,107,541,675
work_start_date,107,542,307
work_start_date,107,543,308
work_start_date,107,544,720
work_start_date,107,545,678
work_start_date,107,546,721
work_start_date,107,547,195
work_start_date,107,548,310
work_start_date,107,549,722
work_start_date,107,550,196
work_start_date,107,551,679
work_start_date,107,552,197
work_start_date,107,553,161
work_start_date,107,554,162
work_start_date,107,555,723
work_start_date,107,556,724
work_start_date,107,557,164
work_start_date,107,558,199
work_start_date,107,559,165
work_start_date,107,560,166
work_start_date,107,561,200
work_start_date,107,562,725
work_start_date,107,563,201
work_start_date,107,564,332
work_start_date,107,565,726
work_start_date,107,566,168
work_start_date,107,567,202
work_start_date,107,568,169
work_start_date,107,569,170
work_start_date,107,570,171
work_start_date,107,571,681
work_start_date,107,572,203
work_with_id,107,573,727
work_with_id,107,574,728
work_with_id,107,575,683
birthday,3437,0,1172
birthday,3437,1,208
birthday,3437,2,0
birthday,3437,3,1
birthday,3437,4,209
birthday,3437,5,2
birthday,3437,6,3
birthday,3437,7,6
education_concentration_id,3437,8,1173
education_concentration_id,3437,9,13
education_concentration_id,3437,10,384
education_concentration_id,3437,11,386
education_concentration_id,3437,12,14
education_concentration_id,3437,13,1009
education_concentration_id,3437,14,388
education_concentration_id,3437,15,15
education_concentration_id,3437,16,389
education_concentration_id,3437,17,1174
education_concentration_id,3437,18,338
education_concentration_id,3437,19,392
education_concentration_id,3437,20,215
education_concentration_id,3437,21,1175
education_concentration_id,3437,22,1176
education_concentration_id,3437,23,395
education_concentration_id,3437,24,397
education_concentration_id,3437,25,216
education_concentration_id,3437,26,1177
education_concentration_id,3437,27,1178
education_concentration_id,3437,28,1179
education_concentration_id,3437,29,18
education_concentration_id,3437,30,1012
education_concentration_id,3437,31,1180
education_concentration_id,3437,32,1181
education_degree_id,3437,33,21
education_degree_id,3437,34,1182
education_degree_id,3437,35,22
education_degree_id,3437,36,1183
education_degree_id,3437,37,23
education_degree_id,3437,38,1184
education_degree_id,3437,39,223
education_degree_id,3437,40,224
education_degree_id,3437,41,437
education_school_id,3437,42,225
education_school_id,3437,43,1185
education_school_id,3437,44,443
education_school_id,3437,45,1186
education_school_id,3437,46,451
education_school_id,3437,47,341
education_school_id,3437,48,315
education_school_id,3437,49,1187
education_school_id,3437,50,1188
education_school_id,3437,51,1189
education_school_id,3437,52,1190
education_school_id,3437,53,1191
education_school_id,3437,54,1192
education_school_id,3437,55,1193
education_school_id,3437,56,236
education_school_id,3437,57,1194
education_school_id,3437,58,1195
education_school_id,3437,59,1196
education_school_id,3437,60,1197
education_school_id,3437,61,1198
education_school_id,3437,62,1199
education_school_id,3437,63,44
education_school_id,3437,64,1200
education_school_id,3437,65,1201
education_school_id,3437,66,1202
education_school_id,3437,67,1203
education_school_id,3437,68,1204
education_school_id,3437,69,1205
education_school_id,3437,70,1206
education_school_id,3437,71,1207
education_school_id,3437,72,1208
education_school_id,3437,73,861
education_school_id,3437,74,246
education_school_id,3437,75,50
education_school_id,3437,76,535
education_school_id,3437,77,1209
education_school_id,3437,78,52
education_school_id,3437,79,537
education_school_id,3437,80,538
education_school_id,3437,81,1210
education_type,3437,82,53
education_type,3437,83,54
education_type,3437,84,55
education_with_id,3437,85,1211
education_with_id,3437,86,1212
education_year_id,3437,87,58
education_year_id,3437,88,253
education_year_id,3437,89,59
education_year_id,3437,90,254
education_year_id,3437,91,255
education_year_id,3437,92,60
education_year_id,3437,93,61
education_year_id,3437,94,62
education_year_id,3437,95,63
education_year_id,3437,96,64
education_year_id,3437,97,65
education_year_id,3437,98,66
education_year_id,3437,99,67
education_year_id,3437,100,68
education_year_id,3437,101,69
education_year_id,3437,102,257
education_year_id,3437,103,258
education_year_id,3437,104,71
education_year_id,3437,105,259
education_year_id,3437,106,72
first_name,3437,107,545
first_name,3437,108,1065
first_name,3437,109,1213
first_name,3437,110,546
first_name,3437,111,1214
first_name,3437,112,1215
first_name,3437,113,1216
first_name,3437,114,1217
first_name,3437,115,1218
first_name,3437,116,1079
gender,3437,117,77
gender,3437,118,78
hometown_id,3437,119,1219
hometown_id,3437,120,82
hometown_id,3437,121,1220
hometown_id,3437,122,86
hometown_id,3437,123,283
hometown_id,3437,124,297
hometown_id,3437,125,1221
hometown_id,3437,126,618
hometown_id,3437,127,1222
hometown_id,3437,128,1223
hometown_id,3437,129,619
languages_id,3437,130,90
languages_id,3437,131,91
languages_id,3437,132,92
languages_id,3437,133,1224
languages_id,3437,134,913
languages_id,3437,135,94
languages_id,3437,136,572
languages_id,3437,137,1225
languages_id,3437,138,573
languages_id,3437,139,97
languages_id,3437,140,100
languages_id,3437,141,103
last_name,3437,142,1226
last_name,3437,143,1227
last_name,3437,144,1228
last_name,3437,145,1229
last_name,3437,146,106
last_name,3437,147,578
last_name,3437,148,1230
last_name,3437,149,1231
last_name,3437,150,1232
last_name,3437,151,1233
last_name,3437,152,581
last_name,3437,153,1234
last_name,3437,154,582
last_name,3437,155,1115
last_name,3437,156,1235
last_name,3437,157,1236
last_name,3437,158,593
last_name,3437,159,1237
last_name,3437,160,595
last_name,3437,161,1238
last_name,3437,162,1239
last_name,3437,163,1240
last_name,3437,164,1241
last_name,3437,165,1242
last_name,3437,166,1243
last_name,3437,167,1244
last_name,3437,168,602
last_name,3437,169,1139
last_name,3437,170,1245
last_name,3437,171,1246
locale,3437,172,126
locale,3437,173,127
locale,3437,174,1247
locale,3437,175,1248
locale,3437,176,1249
location_id,3437,177,128
location_id,3437,178,1250
location_id,3437,179,129
location_id,3437,180,296
location_id,3437,181,174
location_id,3437,182,1251
location_id,3437,183,613
location_id,3437,184,281
location_id,3437,185,176
location_id,3437,186,179
location_id,3437,187,616
location_id,3437,188,297
location_id,3437,189,1252
location_id,3437,190,1223
location_id,3437,191,619
location_id,3437,192,138
name,3437,193,1253
work_employer_id,3437,194,140
work_employer_id,3437,195,1156
work_employer_id,3437,196,1254
work_employer_id,3437,197,1255
work_employer_id,3437,198,1256
work_employer_id,3437,199,1257
work_employer_id,3437,200,1258
work_employer_id,3437,201,150
work_employer_id,3437,202,151
work_employer_id,3437,203,1259
work_employer_id,3437,204,667
work_employer_id,3437,205,52
work_employer_id,3437,206,154
work_employer_id,3437,207,537
work_employer_id,3437,208,1210
work_end_date,3437,209,157
work_end_date,3437,210,672
work_end_date,3437,211,718
work_end_date,3437,212,1260
work_end_date,3437,213,676
work_end_date,3437,214,720
work_end_date,3437,215,722
work_end_date,3437,216,976
work_end_date,3437,217,723
work_end_date,3437,218,198
work_end_date,3437,219,199
work_end_date,3437,220,165
work_end_date,3437,221,166
work_end_date,3437,222,200
work_end_date,3437,223,201
work_end_date,3437,224,169
work_location_id,3437,225,128
work_location_id,3437,226,129
work_location_id,3437,227,296
work_location_id,3437,228,174
work_location_id,3437,229,133
work_location_id,3437,230,176
work_location_id,3437,231,177
work_location_id,3437,232,1220
work_location_id,3437,233,179
work_location_id,3437,234,283
work_location_id,3437,235,284
work_location_id,3437,236,619
work_location_id,3437,237,138
work_position_id,3437,238,1261
work_position_id,3437,239,1262
work_position_id,3437,240,1263
work_position_id,3437,241,183
work_position_id,3437,242,691
work_position_id,3437,243,1264
work_position_id,3437,244,299
work_position_id,3437,245,1265
work_position_id,3437,246,1266
work_start_date,3437,247,157
work_start_date,3437,248,1267
work_start_date,3437,249,713
work_start_date,3437,250,1268
work_start_date,3437,251,194
work_start_date,3437,252,1269
work_start_date,3437,253,375
work_start_date,3437,254,675
work_start_date,3437,255,310
work_start_date,3437,256,158
work_start_date,3437,257,162
work_start_date,3437,258,723
work_start_date,3437,259,198
work_start_date,3437,260,199
work_start_date,3437,261,725
birthday,1912,0,729
birthday,1912,1,730
birthday,1912,2,731
birthday,1912,3,732
birthday,1912,4,1
birthday,1912,5,2
birthday,1912,6,210
birthday,1912,7,4
birthday,1912,8,5
birthday,1912,9,6
birthday,1912,10,7
birthday,1912,11,377
birthday,1912,12,378
birthday,1912,13,733
birthday,1912,14,734
birthday,1912,15,735
birthday,1912,16,736
birthday,1912,17,737
birthday,1912,18,738
birthday,1912,19,739
birthday,1912,20,740
birthday,1912,21,741
education_classes_id,1912,22,742
education_classes_id,1912,23,743
education_classes_id,1912,24,744
education_classes_id,1912,25,745
education_classes_id,1912,26,746
education_classes_id,1912,27,747
education_classes_id,1912,28,748
education_classes_id,1912,29,749
education_classes_id,1912,30,750
education_classes_id,1912,31,751
education_classes_id,1912,32,752
education_classes_id,1912,33,753
education_classes_id,1912,34,754
education_classes_id,1912,35,755
education_classes_id,1912,36,756
education_classes_id,1912,37,757
education_classes_id,1912,38,11
education_classes_id,1912,39,758
education_classes_id,1912,40,759
education_concentration_id,1912,41,760
education_concentration_id,1912,42,13
education_concentration_id,1912,43,213
education_concentration_id,1912,44,386
education_concentration_id,1912,45,14
education_concentration_id,1912,46,761
education_concentration_id,1912,47,762
education_concentration_id,1912,48,214
education_concentration_id,1912,49,763
education_concentration_id,1912,50,15
education_concentration_id,1912,51,764
education_concentration_id,1912,52,338
education_concentration_id,1912,53,392
education_concentration_id,1912,54,765
education_concentration_id,1912,55,215
education_concentration_id,1912,56,394
education_concentration_id,1912,57,216
education_concentration_id,1912,58,766
education_concentration_id,1912,59,398
education_concentration_id,1912,60,400
education_concentration_id,1912,61,767
education_concentration_id,1912,62,768
education_concentration_id,1912,63,16
education_concentration_id,1912,64,769
education_concentration_id,1912,65,217
education_concentration_id,1912,66,18
education_concentration_id,1912,67,402
education_concentration_id,1912,68,416
education_concentration_id,1912,69,770
education_concentration_id,1912,70,771
education_concentration_id,1912,71,772
education_concentration_id,1912,72,423
education_concentration_id,1912,73,427
education_concentration_id,1912,74,773
education_degree_id,1912,75,774
education_degree_id,1912,76,20
education_degree_id,1912,77,21
education_degree_id,1912,78,775
education_degree_id,1912,79,22
education_degree_id,1912,80,435
education_degree_id,1912,81,776
education_degree_id,1912,82,223
education_degree_id,1912,83,224
education_degree_id,1912,84,437
education_school_id,1912,85,225
education_school_id,1912,86,777
education_school_id,1912,87,778
education_school_id,1912,88,779
education_school_id,1912,89,780
education_school_id,1912,90,781
education_school_id,1912,91,442
education_school_id,1912,92,782
education_school_id,1912,93,783
education_school_id,1912,94,444
education_school_id,1912,95,784
education_school_id,1912,96,449
education_school_id,1912,97,785
education_school_id,1912,98,786
education_school_id,1912,99,787
education_school_id,1912,100,788
education_school_id,1912,101,315
education_school_id,1912,102,455
education_school_id,1912,103,789
education_school_id,1912,104,790
education_school_id,1912,105,791
education_school_id,1912,106,792
education_school_id,1912,107,793
education_school_id,1912,108,794
education_school_id,1912,109,795
education_school_id,1912,110,796
education_school_id,1912,111,460
education_school_id,1912,112,797
education_school_id,1912,113,461
education_school_id,1912,114,798
education_school_id,1912,115,799
education_school_id,1912,116,800
education_school_id,1912,117,801
education_school_id,1912,118,802
education_school_id,1912,119,803
education_school_id,1912,120,804
education_school_id,1912,121,805
education_school_id,1912,122,469
education_school_id,1912,123,470
education_school_id,1912,124,806
education_school_id,1912,125,807
education_school_id,1912,126,808
education_school_id,1912,127,809
education_school_id,1912,128,810
education_school_id,1912,129,811
education_school_id,1912,130,812
education_school_id,1912,131,813
education_school_id,1912,132,814
education_school_id,1912,133,815
education_school_id,1912,134,816
education_school_id,1912,135,817
education_school_id,1912,136,481
education_school_id,1912,137,818
education_school_id,1912,138,819
education_school_id,1912,139,820
education_school_id,1912,140,236
education_school_id,1912,141,486
education_school_id,1912,142,821
education_school_id,1912,143,822
education_school_id,1912,144,823
education_school_id,1912,145,824
education_school_id,1912,146,825
education_school_id,1912,147,826
education_school_id,1912,148,827
education_school_id,1912,149,828
education_school_id,1912,150,829
education_school_id,1912,151,830
education_school_id,1912,152,831
education_school_id,1912,153,832
education_school_id,1912,154,833
education_school_id,1912,155,834
education_school_id,1912,156,835
education_school_id,1912,157,836
education_school_id,1912,158,837
education_school_id,1912,159,239
education_school_id,1912,160,838
education_school_id,1912,161,839
education_school_id,1912,162,840
education_school_id,1912,163,841
education_school_id,1912,164,842
education_school_id,1912,165,503
education_school_id,1912,166,843
education_school_id,1912,167,844
education_school_id,1912,168,504
education_school_id,1912,169,845
education_school_id,1912,170,846
education_school_id,1912,171,847
education_school_id,1912,172,848
education_school_id,1912,173,849
education_school_id,1912,174,850
education_school_id,1912,175,851
education_school_id,1912,176,852
education_school_id,1912,177,853
education_school_id,1912,178,854
education_school_id,1912,179,855
education_school_id,1912,180,856
education_school_id,1912,181,857
education_school_id,1912,182,858
education_school_id,1912,183,514
education_school_id,1912,184,859
education_school_id,1912,185,860
education_school_id,1912,186,861
education_school_id,1912,187,246
education_school_id,1912,188,862
education_school_id,1912,189,863
education_school_id,1912,190,864
education_school_id,1912,191,865
education_school_id,1912,192,866
education_school_id,1912,193,867
education_school_id,1912,194,868
education_school_id,1912,195,50
education_school_id,1912,196,523
education_school_id,1912,197,869
education_school_id,1912,198,249
education_school_id,1912,199,870
education_school_id,1912,200,871
education_school_id,1912,201,872
education_school_id,1912,202,533
education_school_id,1912,203,873
education_school_id,1912,204,874
education_school_id,1912,205,875
education_school_id,1912,206,535
education_school_id,1912,207,876
education_school_id,1912,208,877
education_school_id,1912,209,322
education_school_id,1912,210,878
education_school_id,1912,211,52
education_school_id,1912,212,879
education_school_id,1912,213,880
education_school_id,1912,214,537
education_school_id,1912,215,881
education_school_id,1912,216,538
education_school_id,1912,217,882
education_type,1912,218,53
education_type,1912,219,54
education_type,1912,220,55
education_with_id,1912,221,883
education_with_id,1912,222,884
education_with_id,1912,223,885
education_with_id,1912,224,886
education_with_id,1912,225,887
education_year_id,1912,226,543
education_year_id,1912,227,58
education_year_id,1912,228,888
education_year_id,1912,229,59
education_year_id,1912,230,544
education_year_id,1912,231,255
education_year_id,1912,232,889
education_year_id,1912,233,60
education_year_id,1912,234,890
education_year_id,1912,235,61
education_year_id,1912,236,62
education_year_id,1912,237,63
education_year_id,1912,238,64
education_year_id,1912,239,65
education_year_id,1912,240,66
education_year_id,1912,241,67
education_year_id,1912,242,68
education_year_id,1912,243,69
education_year_id,1912,244,258
education_year_id,1912,245,71
education_year_id,1912,246,259
education_year_id,1912,247,72
first_name,1912,248,891
first_name,1912,249,892
first_name,1912,250,893
first_name,1912,251,894
first_name,1912,252,895
first_name,1912,253,896
first_name,1912,254,897
first_name,1912,255,898
first_name,1912,256,899
first_name,1912,257,900
first_name,1912,258,901
gender,1912,259,77
gender,1912,260,78
hometown_id,1912,261,558
hometown_id,1912,262,902
hometown_id,1912,263,903
hometown_id,1912,264,82
hometown_id,1912,265,904
hometown_id,1912,266,905
hometown_id,1912,267,84
hometown_id,1912,268,134
hometown_id,1912,269,906
hometown_id,1912,270,907
hometown_id,1912,271,908
hometown_id,1912,272,86
hometown_id,1912,273,909
hometown_id,1912,274,910
hometown_id,1912,275,911
hometown_id,1912,276,618
languages_id,1912,277,90
languages_id,1912,278,912
languages_id,1912,279,91
languages_id,1912,280,92
languages_id,1912,281,93
languages_id,1912,282,913
languages_id,1912,283,94
languages_id,1912,284,572
languages_id,1912,285,265
languages_id,1912,286,101
languages_id,1912,287,914
languages_id,1912,288,915
last_name,1912,289,916
last_name,1912,290,917
last_name,1912,291,918
last_name,1912,292,894
last_name,1912,293,919
last_name,1912,294,110
last_name,1912,295,920
last_name,1912,296,273
last_name,1912,297,595
last_name,1912,298,921
last_name,1912,299,922
last_name,1912,300,923
last_name,1912,301,924
last_name,1912,302,925
last_name,1912,303,926
last_name,1912,304,927
last_name,1912,305,928
last_name,1912,306,602
last_name,1912,307,929
last_name,1912,308,930
last_name,1912,309,327
last_name,1912,310,931
last_name,1912,311,123
locale,1912,312,126
locale,1912,313,127
locale,1912,314,932
location_id,1912,315,558
location_id,1912,316,902
location_id,1912,317,128
location_id,1912,318,129
location_id,1912,319,280
location_id,1912,320,610
location_id,1912,321,611
location_id,1912,322,612
location_id,1912,323,933
location_id,1912,324,174
location_id,1912,325,934
location_id,1912,326,935
location_id,1912,327,132
location_id,1912,328,936
location_id,1912,329,281
location_id,1912,330,937
location_id,1912,331,176
location_id,1912,332,938
location_id,1912,333,134
location_id,1912,334,939
location_id,1912,335,282
location_id,1912,336,940
location_id,1912,337,907
location_id,1912,338,908
location_id,1912,339,283
location_id,1912,340,941
location_id,1912,341,942
location_id,1912,342,617
location_id,1912,343,284
location_id,1912,344,568
location_id,1912,345,619
middle_name,1912,346,943
work_employer_id,1912,347,944
work_employer_id,1912,348,945
work_employer_id,1912,349,946
work_employer_id,1912,350,442
work_employer_id,1912,351,140
work_employer_id,1912,352,947
work_employer_id,1912,353,948
work_employer_id,1912,354,288
work_employer_id,1912,355,949
work_employer_id,1912,356,950
work_employer_id,1912,357,951
work_employer_id,1912,358,952
work_employer_id,1912,359,953
work_employer_id,1912,360,954
work_employer_id,1912,361,955
work_employer_id,1912,362,956
work_employer_id,1912,363,957
work_employer_id,1912,364,958
work_employer_id,1912,365,959
work_employer_id,1912,366,960
work_employer_id,1912,367,961
work_employer_id,1912,368,962
work_employer_id,1912,369,963
work_employer_id,1912,370,964
work_employer_id,1912,371,852
work_employer_id,1912,372,965
work_employer_id,1912,373,966
work_employer_id,1912,374,967
work_employer_id,1912,375,968
work_employer_id,1912,376,969
work_employer_id,1912,377,863
work_employer_id,1912,378,970
work_employer_id,1912,379,971
work_employer_id,1912,380,151
work_employer_id,1912,381,972
work_employer_id,1912,382,973
work_employer_id,1912,383,663
work_employer_id,1912,384,974
work_employer_id,1912,385,52
work_employer_id,1912,386,975
work_end_date,1912,387,157
work_end_date,1912,388,676
work_end_date,1912,389,310
work_end_date,1912,390,158
work_end_date,1912,391,976
work_end_date,1912,392,160
work_end_date,1912,393,161
work_end_date,1912,394,162
work_end_date,1912,395,723
work_end_date,1912,396,198
work_end_date,1912,397,164
work_end_date,1912,398,199
work_end_date,1912,399,166
work_end_date,1912,400,167
work_end_date,1912,401,726
work_end_date,1912,402,680
work_end_date,1912,403,168
work_end_date,1912,404,202
work_end_date,1912,405,169
work_end_date,1912,406,170
work_end_date,1912,407,171
work_location_id,1912,408,558
work_location_id,1912,409,128
work_location_id,1912,410,977
work_location_id,1912,411,612
work_location_id,1912,412,933
work_location_id,1912,413,82
work_location_id,1912,414,281
work_location_id,1912,415,133
work_location_id,1912,416,84
work_location_id,1912,417,176
work_location_id,1912,418,134
work_location_id,1912,419,908
work_location_id,1912,420,978
work_location_id,1912,421,979
work_location_id,1912,422,980
work_location_id,1912,423,619
work_position_id,1912,424,981
work_position_id,1912,425,982
work_position_id,1912,426,182
work_position_id,1912,427,983
work_position_id,1912,428,984
work_position_id,1912,429,691
work_position_id,1912,430,985
work_position_id,1912,431,986
work_position_id,1912,432,185
work_position_id,1912,433,987
work_position_id,1912,434,988
work_position_id,1912,435,989
work_position_id,1912,436,189
work_position_id,1912,437,990
work_position_id,1912,438,991
work_position_id,1912,439,992
work_position_id,1912,440,993
work_position_id,1912,441,994
work_position_id,1912,442,995
work_position_id,1912,443,996
work_position_id,1912,444,699
work_position_id,1912,445,700
work_position_id,1912,446,192
work_position_id,1912,447,193
work_position_id,1912,448,997
work_position_id,1912,449,998
work_projects_id,1912,450,999
work_start_date,1912,451,157
work_start_date,1912,452,310
work_start_date,1912,453,976
work_start_date,1912,454,196
work_start_date,1912,455,1000
work_start_date,1912,456,160
work_start_date,1912,457,197
work_start_date,1912,458,161
work_start_date,1912,459,162
work_start_date,1912,460,723
work_start_date,1912,461,1001
work_start_date,1912,462,198
work_start_date,1912,463,724
work_start_date,1912,464,1002
work_start_date,1912,465,164
work_start_date,1912,466,199
work_start_date,1912,467,165
work_start_date,1912,468,166
work_start_date,1912,469,200
work_start_date,1912,470,725
work_start_date,1912,471,201
work_start_date,1912,472,332
work_start_date,1912,473,726
work_start_date,1912,474,680
work_start_date,1912,475,168
work_start_date,1912,476,202
work_start_date,1912,477,169
work_start_date,1912,478,170
work_start_date,1912,479,681
